team1,team2,winner,margin,ground,matchDate,match_id,stage
Namibia,Sri Lanka,Namibia,55 runs,Geelong,"Oct 16, 2022",T20I # 1823,Qualifiers
Netherlands,U.A.E.,Netherlands,3 wickets,Geelong,"Oct 16, 2022",T20I # 1825,Qualifiers
Scotland,West Indies,Scotland,42 runs,Hobart,"Oct 17, 2022",T20I # 1826,Qualifiers
Ireland,Zimbabwe,Zimbabwe,31 runs,Hobart,"Oct 17, 2022",T20I # 1828,Qualifiers
Namibia,Netherlands,Netherlands,5 wickets,Geelong,"Oct 18, 2022",T20I # 1830,Qualifiers
Sri Lanka,U.A.E.,Sri Lanka,79 runs,Geelong,"Oct 18, 2022",T20I # 1832,Qualifiers
Ireland,Scotland,Ireland,6 wickets,Hobart,"Oct 19, 2022",T20I # 1833,Qualifiers
West Indies,Zimbabwe,West Indies,31 runs,Hobart,"Oct 19, 2022",T20I # 1834,Qualifiers
Netherlands,Sri Lanka,Sri Lanka,16 runs,Geelong,"Oct 20, 2022",T20I # 1835,Qualifiers
Namibia,U.A.E.,U.A.E.,7 runs,Geelong,"Oct 20, 2022",T20I # 1836,Qualifiers
Ireland,West Indies,Ireland,9 wickets,Hobart,"Oct 21, 2022",T20I # 1837,Qualifiers
Scotland,Zimbabwe,Zimbabwe,5 wickets,Hobart,"Oct 21, 2022",T20I # 1838,Qualifiers
Australia,New Zealand,New Zealand,89 runs,Sydney,"Oct 22, 2022",T20I # 1839,Super 12
Afghanistan,England,England,5 wickets,Perth,"Oct 22, 2022",T20I # 1840,Super 12
Ireland,Sri Lanka,Sri Lanka,9 wickets,Hobart,"Oct 23, 2022",T20I # 1841,Super 12
India,Pakistan,India,4 wickets,Melbourne,"Oct 23, 2022",T20I # 1842,Super 12
Bangladesh,Netherlands,Bangladesh,9 runs,Hobart,"Oct 24, 2022",T20I # 1843,Super 12
South Africa,Zimbabwe,no result,,Hobart,"Oct 24, 2022",T20I # 1844,Super 12
Australia,Sri Lanka,Australia,7 wickets,Perth,"Oct 25, 2022",T20I # 1845,Super 12
England,Ireland,Ireland,5 runs,Melbourne,"Oct 26, 2022",T20I # 1846,Super 12
Afghanistan,New Zealand,abandoned,,Melbourne,"Oct 26, 2022",T20I # 1846a,Super 12
Bangladesh,South Africa,South Africa,104 runs,Sydney,"Oct 27, 2022",T20I # 1847,Super 12
India,Netherlands,India,56 runs,Sydney,"Oct 27, 2022",T20I # 1848,Super 12
Pakistan,Zimbabwe,Zimbabwe,1 run,Perth,"Oct 27, 2022",T20I # 1849,Super 12
Afghanistan,Ireland,abandoned,,Melbourne,"Oct 28, 2022",T20I # 1849a,Super 12
Australia,England,abandoned,,Melbourne,"Oct 28, 2022",T20I # 1849b,Super 12
New Zealand,Sri Lanka,New Zealand,65 runs,Sydney,"Oct 29, 2022",T20I # 1850,Super 12
Bangladesh,Zimbabwe,Bangladesh,3 runs,Brisbane,"Oct 30, 2022",T20I # 1851,Super 12
Netherlands,Pakistan,Pakistan,6 wickets,Perth,"Oct 30, 2022",T20I # 1852,Super 12
India,South Africa,South Africa,5 wickets,Perth,"Oct 30, 2022",T20I # 1853,Super 12
Australia,Ireland,Australia,42 runs,Brisbane,"Oct 31, 2022",T20I # 1855,Super 12
Afghanistan,Sri Lanka,Sri Lanka,6 wickets,Brisbane,"Nov 1, 2022",T20I # 1856,Super 12
England,New Zealand,England,20 runs,Brisbane,"Nov 1, 2022",T20I # 1858,Super 12
Netherlands,Zimbabwe,Netherlands,5 wickets,Adelaide,"Nov 2, 2022",T20I # 1859,Super 12
Bangladesh,India,India,5 runs,Adelaide,"Nov 2, 2022",T20I # 1860,Super 12
Pakistan,South Africa,Pakistan,33 runs,Sydney,"Nov 3, 2022",T20I # 1861,Super 12
Ireland,New Zealand,New Zealand,35 runs,Adelaide,"Nov 4, 2022",T20I # 1862,Super 12
Australia,Afghanistan,Australia,4 runs,Adelaide,"Nov 4, 2022",T20I # 1864,Super 12
England,Sri Lanka,England,4 wickets,Sydney,"Nov 5, 2022",T20I # 1867,Super 12
Netherlands,South Africa,Netherlands,13 runs,Adelaide,"Nov 6, 2022",T20I # 1871,Super 12
Bangladesh,Pakistan,Pakistan,5 wickets,Adelaide,"Nov 6, 2022",T20I # 1872,Super 12
India,Zimbabwe,India,71 runs,Melbourne,"Nov 6, 2022",T20I # 1873,Super 12
New Zealand,Pakistan,Pakistan,7 wickets,Sydney,"Nov 9, 2022",T20I # 1877,Super 12
England,India,England,10 wickets,Adelaide,"Nov 10, 2022",T20I # 1878,Super 12
England,Pakistan,England,5 wickets,Melbourne,"Nov 13, 2022",T20I # 1879,Super 12